<?xml version="1.0" encoding="UTF-8"?>
<xml>
    <recipe>
        <title>Original NESTLÉ® TOLL HOUSE® Chocolate Chip Cookies</title>
        <difficulty value="easy"> Easy</difficulty>
        <prep_time value="minutes"> Prep 15 minutes</prep_time>
        <cook_time value="minutes"> Cook 9 minutes</cook_time>
        <serving_size>Servings</serving_size>
        <amount value="60 cookies">5 dozen cookies</amount>
        <Item_descip>The chocolate chip cookie that started it all! NESTLÉ® TOLL HOUSE® original
            chocolate chip cookies are a true classic and the go-to cookie for all
            occasions!</Item_descip>
        <ingredients>
            <number value="cups"> 2 1/4</number>
            <measurement>cups</measurement>
            <ingredient num="1">all-purpose flour</ingredient>
            <number value="teaspoon">1</number>
            <measurement>teaspoon</measurement>
            <ingredient>baking soda</ingredient>
            <number value="teaspoon">1</number>
            <measurement>teaspoon</measurement>
            <ingredient num="2">salt</ingredient>
            <number value="cups">1</number>
            <measurement>cup</measurement>
            <number value="sticks of butter">(2 sticks)</number>
            <ingredient num="3">butter, softened</ingredient>
            <number value="cups">3/4</number>
            <measurement>cup</measurement>
            <ingredient num="4">granulated sugar</ingredient>
            <number value="cups">3/4</number>
            <measurement>cup</measurement>
            <ingredient num="5">packed brown sugar</ingredient>
            <number value="teaspoon">1</number>
            <measurement>teaspoon</measurement>
            <ingredient> vanilla extract</ingredient>
            <number value="large eggs"> 2</number>
            <ingredient num="6">large eggs</ingredient>
            <number value="cups">2</number>
            <measurement>cups (12-ounce package)</measurement>
            <ingredient num="7">NESTLÉ® TOLL HOUSE® Semi-Sweet Chocolate Morsels</ingredient>
            <number value="cups"> 1</number>
            <ingredient num="8">cup chopped nuts </ingredient>
            <number value="Tablespoons">(Optional. If omitting, add 1 to 2</number>
            <measurement>Tbsp.</measurement>
            <ingredient num="9"> of all-purpose flour.)</ingredient>
        </ingredients>
        <step num="1">Preheat oven to <number value="temperature">375° F.</number></step>
        <step num="2">
            <sub-step num="1">Combine <ingredient>flour,</ingredient>
                <ingredient>baking soda</ingredient> and<ingedient> salt</ingedient> in small
                bowl.</sub-step>
            <sub-step num="2">Beat <ingredient>butter,</ingredient>
                <ingredient>granulated sugar,</ingredient>
                <ingredient>brown sugar</ingredient> and <ingredient>vanilla extract</ingredient> in
                large mixer bowl until creamy. <ingredient>Add eggs,</ingredient>
                <number value="1">one</number> at a time, beating well after each
                addition.</sub-step>
            <sub-step num="3">Gradually beat in <ingedient>flour mixture.</ingedient></sub-step>
            <sub-step num="4"> Stir in morsels and nuts. Drop by rounded tablespoon onto ungreased baking
                sheets.</sub-step>
        </step>
        <step num="3">
            <sub-step num="5">Bake for <number value="time frame">9 to 11 minutes</number>
                <decription value="color of finished prodcut">or until golden
                brown.</decription></sub-step>
            <sub-step num="6"> Cool on baking sheets for <number value="time for cooling">2
                    minutes;</number> remove to wire racks to cool completely.</sub-step>
        </step>
        <additional value="info"> For High Altitude Baking <number value="feet anove water lvl"
                >(5,200 feet)</number>: Increase <ingedient>flour</ingedient> to <numer
                value="additional flour">2 1/2 cups.</numer> Add 2 teaspoons water with flour and
            reduce both granulated sugar and brown sugar to 2/3 cup each. Bake drop cookies for 8 to
            10 minutes and pan cookie for <number value="time frame">17 to 19
            minutes.</number></additional>
    </recipe>
</xml>
